{"frames": [

  {
    "filename": "Dead (3).png",
    "frame": {"x":1,"y":1,"w":402,"h":436},
    "rotated": false,
    "trimmed": true,
    "spriteSourceSize": {"x":45,"y":119,"w":402,"h":436},
    "sourceSize": {"w":605,"h":604}
  },
  {
    "filename": "Idle (1).png",
    "frame": {"x":1,"y":929,"w":307,"h":494},
    "rotated": false,
    "trimmed": true,
    "spriteSourceSize": {"x":120,"y":21,"w":307,"h":494},
    "sourceSize": {"w":641,"h":542}
  },
  {
    "filename": "Idle (10).png",
    "frame": {"x":671,"y":975,"w":308,"h":494},
    "rotated": false,
    "trimmed": true,
    "spriteSourceSize": {"x":120,"y":21,"w":308,"h":494},
    "sourceSize": {"w":641,"h":542}
  },
  {
    "filename": "Jump (2).png",
    "frame": {"x":990,"y":1474,"w":335,"h":499},
    "rotated": false,
    "trimmed": true,
    "spriteSourceSize": {"x":169,"y":40,"w":335,"h":499},
    "sourceSize": {"w":641,"h":542}
  },
  {
    "filename": "Jump (7).png",
    "frame": {"x":1,"y":1470,"w":335,"h":496},
    "rotated": false,
    "trimmed": true,
    "spriteSourceSize": {"x":145,"y":40,"w":335,"h":496},
    "sourceSize": {"w":641,"h":542}
  },
  {
    "filename": "Melee (3).png",
    "frame": {"x":332,"y":482,"w":363,"h":490},
    "rotated": false,
    "trimmed": true,
    "spriteSourceSize": {"x":155,"y":26,"w":363,"h":490},
    "sourceSize": {"w":641,"h":542}
  },
  {
    "filename": "Melee (4).png",
    "frame": {"x":1044,"y":483,"w":434,"h":493},
    "rotated": false,
    "trimmed": true,
    "spriteSourceSize": {"x":129,"y":22,"w":434,"h":493},
    "sourceSize": {"w":641,"h":542}
  },
  {
    "filename": "Melee (5).png",
    "frame": {"x":1376,"y":979,"w":348,"h":495},
    "rotated": false,
    "trimmed": true,
    "spriteSourceSize": {"x":126,"y":20,"w":348,"h":495},
    "sourceSize": {"w":641,"h":542}
  },
  {
    "filename": "Melee (6).png",
    "frame": {"x":656,"y":1474,"w":332,"h":496},
    "rotated": false,
    "trimmed": true,
    "spriteSourceSize": {"x":126,"y":20,"w":332,"h":496},
    "sourceSize": {"w":641,"h":542}
  },
  {
    "filename": "Melee (7).png",
    "frame": {"x":338,"y":1470,"w":316,"h":496},
    "rotated": false,
    "trimmed": true,
    "spriteSourceSize": {"x":123,"y":20,"w":316,"h":496},
    "sourceSize": {"w":641,"h":542}
  },
  {
    "filename": "Run (1).png",
    "frame": {"x":1,"y":439,"w":329,"h":488},
    "rotated": false,
    "trimmed": true,
    "spriteSourceSize": {"x":197,"y":43,"w":329,"h":488},
    "sourceSize": {"w":641,"h":542}
  },
  {
    "filename": "Run (2).png",
    "frame": {"x":1669,"y":1476,"w":346,"h":505},
    "rotated": false,
    "trimmed": true,
    "spriteSourceSize": {"x":172,"y":37,"w":346,"h":505},
    "sourceSize": {"w":641,"h":542}
  },
  {
    "filename": "Run (3).png",
    "frame": {"x":697,"y":483,"w":345,"h":490},
    "rotated": false,
    "trimmed": true,
    "spriteSourceSize": {"x":166,"y":32,"w":345,"h":490},
    "sourceSize": {"w":641,"h":542}
  },
  {
    "filename": "Run (4).png",
    "frame": {"x":772,"y":1,"w":407,"h":480},
    "rotated": false,
    "trimmed": true,
    "spriteSourceSize": {"x":119,"y":43,"w":407,"h":480},
    "sourceSize": {"w":641,"h":542}
  },
  {
    "filename": "Run (5).png",
    "frame": {"x":1181,"y":1,"w":341,"h":480},
    "rotated": false,
    "trimmed": true,
    "spriteSourceSize": {"x":185,"y":43,"w":341,"h":480},
    "sourceSize": {"w":641,"h":542}
  },
  {
    "filename": "Run (6).png",
    "frame": {"x":1327,"y":1476,"w":340,"h":503},
    "rotated": false,
    "trimmed": true,
    "spriteSourceSize": {"x":175,"y":36,"w":340,"h":503},
    "sourceSize": {"w":641,"h":542}
  },
  {
    "filename": "Run (7).png",
    "frame": {"x":1524,"y":1,"w":354,"h":480},
    "rotated": false,
    "trimmed": true,
    "spriteSourceSize": {"x":151,"y":30,"w":354,"h":480},
    "sourceSize": {"w":641,"h":542}
  },
  {
    "filename": "Run (8).png",
    "frame": {"x":405,"y":1,"w":365,"h":479},
    "rotated": false,
    "trimmed": true,
    "spriteSourceSize": {"x":158,"y":40,"w":365,"h":479},
    "sourceSize": {"w":641,"h":542}
  },
  {
    "filename": "Shoot (1).png",
    "frame": {"x":1480,"y":483,"w":521,"h":494},
    "rotated": false,
    "trimmed": true,
    "spriteSourceSize": {"x":120,"y":21,"w":521,"h":494},
    "sourceSize": {"w":641,"h":542}
  },
  {
    "filename": "Shoot (2).png",
    "frame": {"x":310,"y":974,"w":359,"h":494},
    "rotated": false,
    "trimmed": true,
    "spriteSourceSize": {"x":116,"y":21,"w":359,"h":494},
    "sourceSize": {"w":641,"h":542}
  },
  {
    "filename": "Shoot (3).png",
    "frame": {"x":981,"y":978,"w":393,"h":494},
    "rotated": false,
    "trimmed": true,
    "spriteSourceSize": {"x":118,"y":21,"w":393,"h":494},
    "sourceSize": {"w":641,"h":542}
  },
  {
    "filename": "Dead (1).png",
    "frame": {"x":1,"y":624,"w":347,"h":470},
    "rotated": false,
    "trimmed": true,
    "spriteSourceSize": {"x":15,"y":55,"w":347,"h":470},
    "sourceSize": {"w":605,"h":604}
  },
  {
    "filename": "Dead (2).png",
    "frame": {"x":350,"y":660,"w":344,"h":471},
    "rotated": false,
    "trimmed": true,
    "spriteSourceSize": {"x":41,"y":63,"w":344,"h":471},
    "sourceSize": {"w":605,"h":604}
  },
  {
    "filename": "Dead (4).png",
    "frame": {"x":1,"y":271,"w":422,"h":351},
    "rotated": false,
    "trimmed": true,
    "spriteSourceSize": {"x":60,"y":195,"w":422,"h":351},
    "sourceSize": {"w":605,"h":604}
  },
  {
    "filename": "Dead (7).png",
    "frame": {"x":501,"y":1,"w":498,"h":268},
    "rotated": false,
    "trimmed": true,
    "spriteSourceSize": {"x":43,"y":283,"w":498,"h":268},
    "sourceSize": {"w":605,"h":604}
  },
  {
    "filename": "Dead (8).png",
    "frame": {"x":1001,"y":1,"w":498,"h":268},
    "rotated": false,
    "trimmed": true,
    "spriteSourceSize": {"x":43,"y":283,"w":498,"h":268},
    "sourceSize": {"w":605,"h":604}
  },
  {
    "filename": "Dead (9).png",
    "frame": {"x":1501,"y":1,"w":498,"h":268},
    "rotated": false,
    "trimmed": true,
    "spriteSourceSize": {"x":43,"y":283,"w":498,"h":268},
    "sourceSize": {"w":605,"h":604}
  },
  {
    "filename": "Dead (10).png",
    "frame": {"x":1,"y":1,"w":498,"h":268},
    "rotated": false,
    "trimmed": true,
    "spriteSourceSize": {"x":43,"y":283,"w":498,"h":268},
    "sourceSize": {"w":605,"h":604}
  },
  {
    "filename": "Idle (2).png",
    "frame": {"x":1326,"y":1144,"w":308,"h":494},
    "rotated": false,
    "trimmed": true,
    "spriteSourceSize": {"x":120,"y":21,"w":308,"h":494},
    "sourceSize": {"w":641,"h":542}
  },
  {
    "filename": "Idle (3).png",
    "frame": {"x":1016,"y":1144,"w":308,"h":493},
    "rotated": false,
    "trimmed": true,
    "spriteSourceSize": {"x":121,"y":22,"w":308,"h":493},
    "sourceSize": {"w":641,"h":542}
  },
  {
    "filename": "Idle (6).png",
    "frame": {"x":1736,"y":271,"w":310,"h":491},
    "rotated": false,
    "trimmed": true,
    "spriteSourceSize": {"x":123,"y":24,"w":310,"h":491},
    "sourceSize": {"w":641,"h":542}
  },
  {
    "filename": "Jump (1).png",
    "frame": {"x":677,"y":1144,"w":337,"h":488},
    "rotated": false,
    "trimmed": true,
    "spriteSourceSize": {"x":190,"y":48,"w":337,"h":488},
    "sourceSize": {"w":641,"h":542}
  },
  {
    "filename": "Jump (3).png",
    "frame": {"x":696,"y":660,"w":334,"h":482},
    "rotated": false,
    "trimmed": true,
    "spriteSourceSize": {"x":147,"y":40,"w":334,"h":482},
    "sourceSize": {"w":641,"h":542}
  },
  {
    "filename": "Jump (4).png",
    "frame": {"x":1032,"y":660,"w":336,"h":482},
    "rotated": false,
    "trimmed": true,
    "spriteSourceSize": {"x":144,"y":40,"w":336,"h":482},
    "sourceSize": {"w":641,"h":542}
  },
  {
    "filename": "Jump (5).png",
    "frame": {"x":1370,"y":660,"w":336,"h":482},
    "rotated": false,
    "trimmed": true,
    "spriteSourceSize": {"x":144,"y":40,"w":336,"h":482},
    "sourceSize": {"w":641,"h":542}
  },
  {
    "filename": "Jump (8).png",
    "frame": {"x":1,"y":1096,"w":336,"h":487},
    "rotated": false,
    "trimmed": true,
    "spriteSourceSize": {"x":144,"y":40,"w":336,"h":487},
    "sourceSize": {"w":641,"h":542}
  },
  {
    "filename": "Jump (9).png",
    "frame": {"x":339,"y":1133,"w":336,"h":487},
    "rotated": false,
    "trimmed": true,
    "spriteSourceSize": {"x":144,"y":40,"w":336,"h":487},
    "sourceSize": {"w":641,"h":542}
  },
  {
    "filename": "Jump (10).png",
    "frame": {"x":1708,"y":764,"w":336,"h":487},
    "rotated": false,
    "trimmed": true,
    "spriteSourceSize": {"x":144,"y":40,"w":336,"h":487},
    "sourceSize": {"w":641,"h":542}
  },
  {
    "filename": "Melee (2).png",
    "frame": {"x":1636,"y":1253,"w":310,"h":494},
    "rotated": false,
    "trimmed": true,
    "spriteSourceSize": {"x":143,"y":22,"w":310,"h":494},
    "sourceSize": {"w":641,"h":542}
  },
  {
    "filename": "Slide (3).png",
    "frame": {"x":425,"y":271,"w":435,"h":387},
    "rotated": false,
    "trimmed": true,
    "spriteSourceSize": {"x":7,"y":145,"w":435,"h":387},
    "sourceSize": {"w":641,"h":542}
  },
  {
    "filename": "Slide (4).png",
    "frame": {"x":862,"y":271,"w":435,"h":387},
    "rotated": false,
    "trimmed": true,
    "spriteSourceSize": {"x":7,"y":145,"w":435,"h":387},
    "sourceSize": {"w":641,"h":542}
  },
  {
    "filename": "Slide (5).png",
    "frame": {"x":1299,"y":271,"w":435,"h":387},
    "rotated": false,
    "trimmed": true,
    "spriteSourceSize": {"x":7,"y":145,"w":435,"h":387},
    "sourceSize": {"w":641,"h":542}
  },
  {
    "filename": "Dead (5).png",
    "frame": {"x":1266,"y":268,"w":468,"h":300},
    "rotated": false,
    "trimmed": true,
    "spriteSourceSize": {"x":53,"y":237,"w":468,"h":300},
    "sourceSize": {"w":605,"h":604}
  },
  {
    "filename": "Dead (6).png",
    "frame": {"x":1266,"y":1,"w":480,"h":265},
    "rotated": false,
    "trimmed": true,
    "spriteSourceSize": {"x":51,"y":274,"w":480,"h":265},
    "sourceSize": {"w":605,"h":604}
  },
  {
    "filename": "Idle (4).png",
    "frame": {"x":312,"y":496,"w":308,"h":492},
    "rotated": false,
    "trimmed": true,
    "spriteSourceSize": {"x":122,"y":23,"w":308,"h":492},
    "sourceSize": {"w":641,"h":542}
  },
  {
    "filename": "Idle (5).png",
    "frame": {"x":1,"y":497,"w":309,"h":491},
    "rotated": false,
    "trimmed": true,
    "spriteSourceSize": {"x":122,"y":24,"w":309,"h":491},
    "sourceSize": {"w":641,"h":542}
  },
  {
    "filename": "Idle (7).png",
    "frame": {"x":622,"y":495,"w":309,"h":491},
    "rotated": false,
    "trimmed": true,
    "spriteSourceSize": {"x":122,"y":24,"w":309,"h":491},
    "sourceSize": {"w":641,"h":542}
  },
  {
    "filename": "Idle (8).png",
    "frame": {"x":620,"y":1,"w":308,"h":492},
    "rotated": false,
    "trimmed": true,
    "spriteSourceSize": {"x":122,"y":23,"w":308,"h":492},
    "sourceSize": {"w":641,"h":542}
  },
  {
    "filename": "Idle (9).png",
    "frame": {"x":310,"y":1,"w":308,"h":493},
    "rotated": false,
    "trimmed": true,
    "spriteSourceSize": {"x":121,"y":22,"w":308,"h":493},
    "sourceSize": {"w":641,"h":542}
  },
  {
    "filename": "Jump (6).png",
    "frame": {"x":930,"y":1,"w":334,"h":482},
    "rotated": false,
    "trimmed": true,
    "spriteSourceSize": {"x":146,"y":40,"w":334,"h":482},
    "sourceSize": {"w":641,"h":542}
  },
  {
    "filename": "Melee (1).png",
    "frame": {"x":1,"y":1,"w":307,"h":494},
    "rotated": false,
    "trimmed": true,
    "spriteSourceSize": {"x":120,"y":21,"w":307,"h":494},
    "sourceSize": {"w":641,"h":542}
  },
  {
    "filename": "Slide (1).png",
    "frame": {"x":933,"y":570,"w":435,"h":387},
    "rotated": false,
    "trimmed": true,
    "spriteSourceSize": {"x":7,"y":145,"w":435,"h":387},
    "sourceSize": {"w":641,"h":542}
  },
  {
    "filename": "Slide (2).png",
    "frame": {"x":1370,"y":570,"w":435,"h":387},
    "rotated": false,
    "trimmed": true,
    "spriteSourceSize": {"x":7,"y":145,"w":435,"h":387},
    "sourceSize": {"w":641,"h":542}
  }
],
  "meta": {
    "app": "http://www.codeandweb.com/texturepacker",
    "version": "1.0",
    "image": "girl-0.png",
    "format": "RGBA8888",
    "size": {"w":2016,"h":1982},
    "scale": "1",
    "smartupdate": "$TexturePacker:SmartUpdate:01468d8ea5737e68e365c3742761cc79:919fcfaf7226f9e742a5325e223d98e7:eb122395e9d239b3fa5a430ec3bf7781$"
  }
}
