{"frames": [

{
	"filename": "Dead (1).png",
	"frame": {"x":0,"y":0,"w":605,"h":604},
	"rotated": false,
	"trimmed": false,
	"spriteSourceSize": {"x":0,"y":0,"w":605,"h":604},
	"sourceSize": {"w":605,"h":604}
},
{
	"filename": "Dead (2).png",
	"frame": {"x":605,"y":0,"w":605,"h":604},
	"rotated": false,
	"trimmed": false,
	"spriteSourceSize": {"x":0,"y":0,"w":605,"h":604},
	"sourceSize": {"w":605,"h":604}
},
{
	"filename": "Dead (3).png",
	"frame": {"x":1210,"y":0,"w":605,"h":604},
	"rotated": false,
	"trimmed": false,
	"spriteSourceSize": {"x":0,"y":0,"w":605,"h":604},
	"sourceSize": {"w":605,"h":604}
},
{
	"filename": "Dead (4).png",
	"frame": {"x":0,"y":604,"w":605,"h":604},
	"rotated": false,
	"trimmed": false,
	"spriteSourceSize": {"x":0,"y":0,"w":605,"h":604},
	"sourceSize": {"w":605,"h":604}
},
{
	"filename": "Dead (5).png",
	"frame": {"x":605,"y":604,"w":605,"h":604},
	"rotated": false,
	"trimmed": false,
	"spriteSourceSize": {"x":0,"y":0,"w":605,"h":604},
	"sourceSize": {"w":605,"h":604}
},
{
	"filename": "Dead (6).png",
	"frame": {"x":1210,"y":604,"w":605,"h":604},
	"rotated": false,
	"trimmed": false,
	"spriteSourceSize": {"x":0,"y":0,"w":605,"h":604},
	"sourceSize": {"w":605,"h":604}
},
{
	"filename": "Dead (7).png",
	"frame": {"x":0,"y":1208,"w":605,"h":604},
	"rotated": false,
	"trimmed": false,
	"spriteSourceSize": {"x":0,"y":0,"w":605,"h":604},
	"sourceSize": {"w":605,"h":604}
},
{
	"filename": "Dead (9).png",
	"frame": {"x":605,"y":1208,"w":605,"h":604},
	"rotated": false,
	"trimmed": false,
	"spriteSourceSize": {"x":0,"y":0,"w":605,"h":604},
	"sourceSize": {"w":605,"h":604}
},
{
	"filename": "Dead (10).png",
	"frame": {"x":1210,"y":1208,"w":605,"h":604},
	"rotated": false,
	"trimmed": false,
	"spriteSourceSize": {"x":0,"y":0,"w":605,"h":604},
	"sourceSize": {"w":605,"h":604}
}],
"meta": {
	"app": "http://www.codeandweb.com/texturepacker",
	"version": "1.0",
	"image": "move-0.png",
	"format": "RGBA8888",
	"size": {"w":1815,"h":1812},
	"scale": "1",
	"smartupdate": "$TexturePacker:SmartUpdate:e0347744acf9257b43a644eaa3cb265f:160982df3970dfd610b7d76c64df94f5:0b401df0be6537de3ccca76aac9870c8$"
}
}
